No,Keyword,Search Volume,CPC,Paid Difficulty,SEO Difficulty,Top Ranking URL,Feature Description
1,json,"49,500",$2.35 ,1,76,,
2,convert json,"2,900",$6.92 ,1,56,,
3,jason kelce,"550,000",$2.41 ,1,47,,
4,json formatter,"135,000",$1.07 ,1,53,,
5,json format,"135,000",$7.71 ,1,69,,
6,jason kelce wife,"110,000",$0.00 ,1,42,,
7,jason kidd,"74,000",$0.02 ,1,68,,
8,jason kelce retire,"74,000",$0.70 ,1,72,,
9,jason handy,"49,500",$0.66 ,1,45,,
10,jason kelce net worth,"49,500",$0.00 ,1,63,,
11,json validator,"40,500",$0.00 ,1,46,,
12,jason x,"40,500",$0.22 ,1,72,,
13,json viewer,"33,100",$6.44 ,1,51,,
14,json online formatter,"22,200",$0.00 ,1,50,,
15,json pretty,"18,100",$0.00 ,1,52,,
16,json formatter online,"18,100",$0.00 ,1,18,,
17,json parse,"18,100",$4.96 ,1,67,,
18,json to csv,"12,100",$6.19 ,1,45,,
19,json reader online,"12,100",$0.51 ,1,43,,
20,json schema,"9,900",$3.74 ,1,63,,
21,json editor,"9,900",$6.43 ,1,65,,
22,json dumps,"9,900",$0.00 ,1,56,,
23,jason zucker,"9,900",$0.00 ,1,69,,
24,json pretty print,"8,100",$0.00 ,1,47,,
25,json compare,"8,100",$0.00 ,1,36,,
26,json diff,"8,100",$0.00 ,1,47,,
27,json comments,"6,600",$0.00 ,1,56,,
28,json editor online,"6,600",$0.00 ,1,56,,
29,json loads,"6,600",$0.00 ,1,63,,
30,json online validator,"6,600",$9.51 ,1,46,,
31,json example,"5,400",$6.02 ,1,73,,
32,json escape,"5,400",$0.00 ,1,40,,
33,json array,"4,400",$0.00 ,1,66,,
34,json compare online,"4,400",$1.81 ,1,36,,
35,json online parser,"4,400",$3.51 ,1,48,,
36,json to yaml,"4,400",$0.00 ,1,42,,
37,parse json with python,"4,400",$0.00 ,1,65,,
38,json in excel,"3,600",$13.22 ,3,69,,
39,json minify,"3,600",$0.00 ,1,42,,
40,json object,"3,600",$0.96 ,1,77,,
41,json to string,"3,600",$0.00 ,1,61,,
42,json web token,"3,600",$5.31 ,1,61,,
43,json check,"2,900",$0.00 ,1,47,,
44,json file format,"2,900",$19.82 ,1,67,,
45,json file example,"2,900",$0.10 ,1,67,,
46,jason kidd parents,"2,900",$0.00 ,1,47,,
47,json online,"2,900",$0.00 ,1,56,,
48,json reader,"2,900",$5.89 ,1,62,,
49,json schema validator,"2,900",$8.76 ,1,55,,
50,json decoder,"2,400",$0.00 ,1,64,,
51,json dump python,"2,400",$0.00 ,1,59,,
52,json ld,"2,400",$0.00 ,1,74,,
53,json python,"2,400",$0.00 ,1,63,,
54,json schema generator,"2,400",$5.59 ,1,50,,
55,json to xml,"2,400",$7.44 ,1,50,,
56,json to csv converter,"2,400",$3.43 ,4,40,,
57,json api,"1,900",$5.82 ,1,72,,
58,json beautifier online,"1,900",$0.00 ,1,43,,
59,json data,"1,900",$7.84 ,2,73,,
60,json linter,"1,900",$0.00 ,1,41,,
61,json loads python,"1,900",$0.00 ,1,58,,
62,json path finder,"1,900",$0.00 ,1,53,,
63,json meaning,"1,600",$0.00 ,1,77,,
64,json online editor,"1,600",$0.00 ,1,52,,
65,json path,"1,600",$0.00 ,1,56,,
66,json server,"1,600",$0.00 ,1,70,,
67,json structure,"1,600",$5.16 ,1,67,,
68,json unescape,"1,600",$0.00 ,1,33,,
69,convert xml to json,"1,600",$2.94 ,1,50,,
70,parse json java,"1,600",$0.00 ,1,55,,
71,convert json string to json,"1,600",$0.00 ,1,55,,
72,json array example,"1,300",$5.76 ,1,52,,
73,json diff online,"1,300",$0.00 ,1,34,,
74,json file viewer,"1,300",$1.51 ,5,64,,
75,json format example,"1,300",$7.39 ,1,73,,
76,json formatter chrome extension,"1,300",$0.00 ,1,57,,
77,jason kidd ethnicity,"1,300",$0.00 ,1,45,,
78,json list,"1,300",$0.00 ,1,65,,
79,json object java,"1,300",$0.00 ,1,67,,
80,json rpc,"1,300",$2.62 ,1,56,,
81,json syntax,"1,300",$0.00 ,1,71,,
82,json string,"1,300",$0.00 ,1,76,,
83,json stringify online,"1,300",$0.00 ,1,48,,
84,json to table,"1,300",$0.00 ,1,54,,
85,jason zweig,"1,300",$0.00 ,1,68,,
86,json boolean,"1,000",$0.00 ,1,61,,
87,json data types,"1,000",$0.00 ,1,70,,
88,json encode,"1,000",$0.00 ,1,71,,
89,json generator,"1,000",$0.00 ,1,46,,
90,json library python,"1,000",$0.00 ,1,62,,
91,json multiline string,"1,000",$0.00 ,1,67,,
92,json placeholder,"1,000",$0.00 ,1,45,,
93,json stringify pretty,"1,000",$0.00 ,1,51,,
94,json schema example,"1,000",$0.00 ,1,52,,
95,json to yaml converter,"1,000",$0.00 ,1,44,,
96,json to excel converter,"1,000",$8.55 ,2,51,,
97,json to xml converter,"1,000",$8.19 ,1,51,,
98,json view,"1,000",$0.00 ,1,55,,
99,json array of objects,880,$0.00 ,1,61,,
100,json blob,880,$0.00 ,1,67,,
101,json creator,880,$2.76 ,1,47,,
102,json deserialize,880,$0.00 ,1,68,,
103,json escape characters,880,$0.00 ,1,61,,
104,json fixer,880,$0.00 ,1,53,,
105,json format checker,880,$6.88 ,1,46,,
106,json javascript,880,$0.00 ,1,71,,
107,json object example,880,$0.00 ,1,73,,
108,json parse javascript,880,$0.00 ,1,71,,
109,json patch,880,$0.00 ,1,61,,
110,json query,880,$0.00 ,1,59,,
111,json code,720,$1.81 ,1,75,,
112,json crack,720,$0.00 ,1,58,,
113,json dictionary,720,$0.00 ,1,61,,
114,json definition,720,$0.00 ,1,72,,
115,json document,720,$0.00 ,1,80,,
116,json file editor,720,$4.43 ,4,69,,
117,json map,720,$0.00 ,1,66,,
118,json node,720,$0.00 ,1,61,,
119,json to csv python,720,$0.00 ,1,51,,
120,json builder,590,$4.69 ,1,54,,
121,json comparison,590,$0.00 ,1,38,,
122,json date format,590,$0.00 ,1,58,,
123,json full form,590,$0.00 ,1,70,,
124,json html,590,$0.00 ,1,70,,
125,json marshal,590,$0.00 ,1,54,,
126,json syntax checker,590,$0.00 ,1,46,,
127,json sample,590,$0.00 ,1,18,,
128,json to pdf,590,$1.40 ,2,46,,
129,json tutorial,590,$0.00 ,1,76,,
130,convert json online,590,$0.10 ,1,50,,
131,json data format,480,$0.00 ,1,68,,
132,json escape quotes,480,$0.00 ,1,61,,
133,json example data,480,$0.00 ,1,65,,
134,json file type,480,$0.00 ,1,63,,
135,json icon,480,$0.00 ,1,50,,
136,json jackson,480,$0.00 ,1,67,,
137,json response,480,$0.00 ,1,74,,
138,json rules engine,480,$7.76 ,18,61,,
139,json verifier,480,$0.00 ,1,47,,
140,json viewer chrome extension,480,$0.00 ,1,54,,
141,json value,480,$0.00 ,1,67,,
142,json api example,390,$13.74 ,4,56,,
143,json builder online,390,$0.00 ,1,45,,
144,json cleaner,390,$0.00 ,1,49,,
145,json dump vs dumps,390,$0.00 ,1,54,,
146,json extension,390,$0.00 ,1,71,,
147,json in sql,390,$3.21 ,1,65,,
148,json java,390,$5.12 ,1,68,,
149,json key,390,$0.00 ,1,69,,
150,json key value,390,$0.00 ,1,65,,
151,json list of objects,390,$0.00 ,1,72,,
152,json load vs loads,390,$0.00 ,1,65,,
153,json object to string,390,$0.00 ,1,63,,
154,json w3,390,$0.00 ,1,71,,
155,json content type,320,$0.00 ,1,68,,
156,json explorer,320,$0.00 ,1,54,,
157,json google sheets,320,$0.00 ,1,55,,
158,json java library,320,$0.00 ,1,63,,
159,json language,320,$0.00 ,1,78,,
160,json lines,320,$0.00 ,1,57,,
161,json logo,320,$0.00 ,1,57,,
162,json normalize,320,$0.00 ,1,65,,
163,json null value,320,$0.00 ,1,63,,
164,json resume,320,$3.33 ,2,55,,
165,json unity,320,$0.00 ,1,58,,
166,convert json file,320,$4.37 ,5,40,,
167,base64 to json,260,$0.00 ,1,42,,
168,json alternatives,260,$0.00 ,1,63,,
169,json beautiful,260,$0.00 ,1,50,,
170,json comment out,260,$0.00 ,1,59,,
171,json encode online,260,$0.00 ,1,37,,
172,json extract,260,$4.22 ,1,69,,
173,json golang,260,$0.00 ,1,62,,
174,json image,260,$0.00 ,1,56,,
175,json javascript object,260,$0.00 ,1,74,,
176,json list of strings,260,$0.00 ,1,59,,
177,json loads vs dumps,260,$0.00 ,1,59,,
178,json maker,260,$0.00 ,1,46,,
179,json notation,260,$0.00 ,1,76,,
180,json unmarshal golang,260,$0.00 ,1,59,,
181,json writer,260,$0.00 ,1,18,,
182,json xpath,260,$0.00 ,1,55,,
183,json xml difference,260,$0.00 ,1,62,,
184,convert json into string online,260,$0.00 ,1,30,,
185,parse json js,260,$0.00 ,1,76,,
186,json attributes,210,$0.00 ,1,54,,
187,json array format,210,$0.00 ,1,58,,
188,json api spec,210,$0.00 ,1,47,,
189,json elements,210,$0.00 ,1,67,,
190,json grid,210,$0.00 ,1,31,,
191,json graph,210,$28.85 ,1,48,,
192,json header,210,$0.00 ,1,62,,
193,json in javascript,210,$0.00 ,1,73,,
194,json logic,210,$0.00 ,1,58,,
195,json merge,210,$0.00 ,1,67,,
196,json number,210,$0.00 ,1,64,,
197,json naming convention,210,$0.00 ,1,64,,
198,json nested objects,210,$0.00 ,1,60,,
199,json new line,210,$0.00 ,1,60,,
200,json query sql server,210,$0.00 ,1,63,,
201,json response example,210,$0.00 ,1,67,,
202,convert json to html,210,$0.00 ,1,52,,
203,parse json jquery,210,$0.00 ,1,66,,
204,convert json string to json online,210,$0.00 ,1,41,,
205,json assets,170,$0.00 ,1,62,,
206,json basics,170,$0.00 ,1,73,,
207,json explained,170,$1.20 ,1,77,,
208,json get,170,$0.00 ,1,76,,
209,json generator online,170,$0.00 ,1,35,,
210,json injection,170,$0.00 ,1,53,,
211,json in java,170,$0.00 ,1,67,,
212,json key value pair example,170,$0.00 ,1,65,,
213,json map example,170,$0.00 ,1,63,,
214,json query online,170,$0.00 ,1,30,,
215,json request,170,$0.00 ,1,74,,
216,json regex,170,$0.00 ,1,53,,
217,json schema builder,170,$2.93 ,5,40,,
218,json wiki,170,$0.00 ,1,66,,
219,convert json string to object,170,$0.00 ,1,57,,
220,convert json to pandas dataframe,170,$0.00 ,1,62,,
221,convert json format,170,$0.00 ,1,49,,
222,convert json javascript,170,$0.00 ,1,73,,
223,convert json object to string,170,$0.00 ,1,58,,
224,convert json string to object java,170,$0.00 ,1,55,,
225,json analyzer,140,$0.00 ,1,44,,
226,json get python,140,$0.00 ,1,69,,
227,json hero,140,$0.00 ,1,59,,
228,json ignore,140,$0.00 ,1,54,,
229,json mode openai,140,$0.00 ,1,71,,
230,json mdn,140,$0.00 ,1,82,,
231,json message,140,$0.00 ,1,76,,
232,json none,140,$0.00 ,1,64,,
233,json nan,140,$0.00 ,1,67,,
234,json output,140,$0.00 ,1,64,,
235,json object python,140,$0.00 ,1,68,,
236,json url encode,140,$0.00 ,1,47,,
237,json web key,140,$0.00 ,1,49,,
238,json xml,140,$0.26 ,1,65,,
239,json xslt,140,$0.00 ,1,54,,
240,convert json object to string java,140,$0.00 ,1,51,,
241,convert json python,140,$0.00 ,1,68,,
242,convert json string to dictionary python,140,$0.00 ,1,51,,
243,convert json to jsonl,140,$0.00 ,1,56,,
244,json 2 csv,110,$33.65 ,3,59,,
245,json body,110,$0.00 ,1,64,,
246,json binary data,110,$0.00 ,1,63,,
247,json input,110,$0.00 ,1,62,,
248,json include non null,110,$0.00 ,1,47,,
249,json interview questions,110,$0.00 ,1,45,,
250,json merge patch,110,$0.00 ,1,61,,
251,json nested array,110,$0.00 ,1,63,,
252,json rules,110,$0.00 ,1,68,,
253,json rfc,110,$0.00 ,1,69,,
254,json remove whitespace,110,$0.00 ,1,53,,
255,json url,110,$0.00 ,1,57,,
256,json web token decode,110,$0.00 ,1,52,,
257,convert json file to excel,110,$21.89 ,14,55,,
258,json array vs object,90,$0.00 ,1,57,,
259,json brackets,90,$0.00 ,1,17,,
260,json hu,90,$0.00 ,1,60,,
261,json interpreter,90,$0.00 ,1,52,,
262,json integer,90,$0.00 ,1,59,,
263,json ignore unknown,90,$0.00 ,1,56,,
264,json jq,90,$0.00 ,1,62,,
265,json object vs array,90,$0.00 ,1,53,,
266,json query python,90,$0.00 ,1,66,,
267,json undefined,90,$0.00 ,1,66,,
268,json unescape online,90,$0.00 ,1,36,,
269,json web encryption,90,$0.00 ,1,63,,
270,json with multiple objects,90,$0.00 ,1,65,,
271,json 101,70,$0.00 ,2,65,,
272,json array to csv,70,$19.21 ,3,53,,
273,json backslash,70,$0.00 ,1,62,,
274,json byte array,70,$0.00 ,1,57,,
275,json canvas,70,$0.00 ,1,18,,
276,json get value by key,70,$0.00 ,1,59,,
277,json github,70,$0.00 ,1,86,,
278,json grammar,70,$0.00 ,1,79,,
279,json get keys,70,$0.00 ,1,65,,
280,json hashmap,70,$0.00 ,1,56,,
281,json mode,70,$0.00 ,1,28,,
282,json number format,70,$0.00 ,1,57,,
283,json quotes,70,$0.00 ,1,64,,
284,json query examples,70,$0.00 ,1,62,,
285,json ui,70,$0.00 ,1,33,,
286,json unicode,70,$0.00 ,1,54,,
287,json update,70,$0.00 ,1,68,,
288,json what is it,70,$0.00 ,1,75,,
289,json write to file python,70,$0.00 ,1,56,,
290,json web token npm,70,$0.00 ,1,60,,
291,convert json array to php array,70,$0.00 ,1,47,,
292,convert json to hashmap java,70,$0.00 ,1,5,,
293,convert json into xml,70,$0.00 ,1,46,,
294,json5 npm,50,$0.00 ,1,57,,
295,json5 python,50,$0.00 ,1,67,,
296,json bin,50,$0.00 ,1,41,,
297,json gem,50,$0.00 ,1,53,,
298,json http request,50,$0.00 ,1,66,,
299,json jar,50,$0.00 ,1,63,,
300,json key naming convention,50,$0.00 ,1,55,,
301,json new line in text,50,$0.00 ,1,60,,
302,json read file python,50,$0.00 ,1,60,,
303,json unminify,50,$0.00 ,1,13,,
304,json xss,50,$0.00 ,1,56,,
305,json xpath finder,50,$0.00 ,1,13,,
306,json xml editor,50,$5.53 ,6,55,,
307,convert json array to json object,50,$0.00 ,1,64,,
308,convert json file to pdf,50,$1.49 ,10,41,,
309,parse json golang,50,$0.00 ,1,60,,
310,convert json object to array,50,$0.00 ,1,67,,
311,convert json object to java object,50,$0.00 ,1,60,,
312,convert json php,50,$0.00 ,1,56,,
313,json 2d array,40,$0.00 ,1,65,,
314,json 3d model,40,$0.00 ,2,56,,
315,json godot,40,$0.00 ,1,66,,
316,json guide,40,$0.00 ,1,70,,
317,json hex number,40,$0.00 ,1,56,,
318,json hash,40,$0.00 ,1,57,,
319,json hierarchy,40,$0.00 ,1,50,,
320,json helper,40,$0.00 ,1,61,,
321,json history,40,$0.00 ,2,60,,
322,json jwt,40,$0.00 ,1,65,,
323,json null vs empty,40,$0.00 ,1,56,,
324,json query postgres,40,$1.03 ,1,49,,
325,json youtube,40,$0.00 ,1,84,,
326,convert json array to list java,40,$0.00 ,1,5,,
327,convert json to html table,40,$0.00 ,1,56,,
328,convert json to hcl,40,$0.00 ,1,49,,
329,convert json to query string,40,$0.00 ,1,36,,
330,convert json string to json python,40,$0.00 ,1,64,,
331,convert json schema to json,40,$0.00 ,1,47,,
332,json 2 table,30,$0.00 ,1,31,,
333,json 2 yaml,30,$0.00 ,1,49,,
334,json schema 7 example,30,$0.00 ,1,53,,
335,json uses,30,$0.00 ,1,77,,
336,json whitespace,30,$0.00 ,1,68,,
337,json xml formatter,30,$0.00 ,1,44,,
338,json yandere simulator,30,$0.00 ,1,13,,
339,json zapier,30,$0.00 ,1,63,,
340,convert json array to string,30,$0.00 ,1,67,,
341,convert json date to normal date,30,$0.00 ,1,51,,
342,convert json file to csv python,30,$0.00 ,1,53,,
343,parse json google sheets,30,$0.00 ,1,60,,
344,convert json object to string python,30,$0.00 ,1,59,,
345,convert json object to dictionary python,30,$0.00 ,1,46,,
346,parse json qt,30,$0.00 ,1,19,,
347,convert json string to map java,30,$0.00 ,1,49,,
348,convert json string to json object python,30,$0.00 ,1,56,,
349,parse json with jq,30,$0.00 ,1,56,,
350,json 2 ts,20,$0.00 ,1,13,,
351,json 2 xml,20,$0.00 ,1,13,,
352,json5 validator,20,$0.00 ,1,19,,
353,json5 formatter,20,$0.00 ,1,18,,
354,json hyperlink,20,$0.00 ,1,18,,
355,json join,20,$0.00 ,1,18,,
356,json julia,20,$0.00 ,1,18,,
357,json jolt,20,$0.00 ,1,18,,
358,json xml parser,20,$0.00 ,2,63,,
359,convert json data to excel,20,$18.10 ,16,10,,
360,convert json file to jpg,20,$0.00 ,4,7,,
361,convert json list to dictionary python,20,$0.00 ,1,5,,
362,convert json object to string javascript,20,$0.00 ,1,66,,
363,convert json to yaml swagger,20,$0.00 ,1,5,,
364,convert json to yaml cloudformation,20,$0.00 ,1,5,,
365,json 11,10,$0.00 ,1,18,,
366,json 4 swift,10,$0.00 ,1,13,,
367,json zeilenumbruch,10,$0.00 ,1,18,,
368,convert json bookmarks to html,10,$0.00 ,4,7,,
369,convert json file to excel table,10,$0.00 ,1,5,,
370,convert json to hashtable powershell,10,$0.00 ,1,5,,
371,convert json into table,10,$0.00 ,1,6,,
372,convert json into yaml,10,$0.00 ,1,5,,
373,parse json jq,10,$0.00 ,1,13,,
374,convert json node to string,10,$0.00 ,1,5,,
375,convert json value to string,10,$0.00 ,1,5,,
376,convert json with nested arrays to csv,10,$0.00 ,18,11,,
377,convert json to yaml command line,10,$0.00 ,1,5,,
378,json 0 value,0,$0.00 ,1,12,,
379,json 0x0a,0,$0.00 ,1,17,,
380,json 0.0,0,$0.00 ,1,17,,
381,json 0x0d,0,$0.00 ,1,17,,
382,json 054,0,$0.00 ,1,17,,
383,0x0b json,0,$0.00 ,1,17,,
384,0xc2 json,0,$0.00 ,1,17,,
385,0xef json,0,$0.00 ,1,17,,
386,0 json array,0,$0.00 ,1,12,,
387,json schema 07,0,$0.00 ,1,12,,
388,json formatter 0.7.1,0,$0.00 ,1,12,,
389,json 1mb,0,$0.00 ,1,17,,
390,1gb json file,0,$0.00 ,1,12,,
391,100mb json file,0,$0.00 ,1,12,,
392,10mb json file,0,$0.00 ,1,12,,
393,1kb json example,0,$0.00 ,1,12,,
394,1password json import,0,$0.00 ,1,12,,
395,json 2 or 4 spaces,0,$0.00 ,1,4,,
396,json 2 string,0,$0.00 ,1,12,,
397,json 3008,0,$0.00 ,1,17,,
398,json 3d models free,0,$0.00 ,1,4,,
399,json 3 levels example,0,$0.00 ,1,4,,
400,json 3d array,0,$0.00 ,1,12,,
401,json 3d format,0,$0.00 ,1,12,,
402,json 3.0,0,$0.00 ,1,17,,
403,json 302,0,$0.00 ,1,17,,
404,json 415 unsupported media type,0,$0.00 ,1,4,,
405,json 400 error,0,$0.00 ,1,12,,
406,json 401,0,$0.00 ,1,17,,
407,json 405 method not allowed,0,$0.00 ,1,4,,
408,json 403,0,$0.00 ,1,17,,
409,json 405,0,$0.00 ,1,17,,
410,json 422,0,$0.00 ,1,17,,
411,json 401 response,0,$0.00 ,1,12,,
412,json 403 error,0,$0.00 ,1,12,,
413,json 500 error,0,$0.00 ,1,12,,
414,json 53 bit,0,$0.00 ,1,12,,
415,json 513,0,$0.00 ,1,17,,
416,json 515,0,$0.00 ,1,17,,
417,json 520,0,$0.00 ,1,17,,
418,json 5.0 format,0,$0.00 ,1,12,,
419,json 502,0,$0.00 ,1,17,,
420,json 518,0,$0.00 ,1,17,,
421,json 6902,0,$0.00 ,1,17,,
422,json 64 bit integer,0,$0.00 ,1,4,,
423,json 64 decode,0,$0.00 ,1,12,,
424,json 6902 patch kustomize,0,$0.00 ,1,4,,
425,json 64,0,$0.00 ,1,17,,
426,json 64 bit long,0,$0.00 ,1,4,,
427,6mb json,0,$0.00 ,1,17,,
428,json hibernate 6,0,$0.00 ,1,12,,
429,arduino json 6 download,0,$0.00 ,1,4,,
430,json 7b,0,$0.00 ,1,17,,
431,json rfc 7159,0,$0.00 ,1,12,,
432,arduino json 7,0,$0.00 ,1,12,,
433,json .net 7,0,$0.00 ,1,12,,
434,json schema 7 generator,0,$0.00 ,1,4,,
435,json draft 7 schema,0,$0.00 ,1,4,,
436,json ieee 754,0,$0.00 ,1,12,,
437,json schema 7 url,0,$0.00 ,1,4,,
438,json schema 7 date,0,$0.00 ,1,4,,
439,8266 json link,0,$0.00 ,1,12,,
440,8kb json,0,$0.00 ,1,17,,
441,json .net 8,0,$0.00 ,1,12,,
442,json mysql 8,0,$0.00 ,1,12,,
443,json utf 8 encode online,0,$0.00 ,1,4,,
444,json 99,0,$0.00 ,1,17,,
445,json 90s,0,$0.00 ,1,17,,
446,gstr 9 json file download,0,$0.00 ,1,4,,
447,gstr 9c json file download,0,$0.00 ,1,4,,
448,gstr 9c json generation error,0,$0.00 ,1,4,,
449,gstr 9c json signer,0,$0.00 ,1,4,,
450,zoom 98 json,0,$0.00 ,1,12,,
451,gstr 9 json to excel,0,$0.00 ,1,4,,
452,json error,0,$0.00 ,1,17,,
453,json how to escape double quotes,0,$0.00 ,1,4,,
454,json knowledge,0,$0.00 ,1,17,,
455,json key vs value,0,$0.00 ,1,4,,
456,jason kelce kids,0,$0.00 ,1,12,,
457,json parse error,0,$0.00 ,1,12,,
458,json quotes in string,0,$0.00 ,1,4,,
459,json query cli,0,$0.00 ,1,12,,
460,json rpc error,0,$0.00 ,1,12,,
461,json yaml schema,0,$0.00 ,1,12,,
462,json yaml validator,0,$0.00 ,1,12,,
463,json year,0,$0.00 ,1,17,,
464,json yaml formatter,0,$0.00 ,1,12,,
465,json yaml converter online,0,$0.00 ,1,4,,
466,json yaml alternatives,0,$0.00 ,1,12,,
467,json zig,0,$0.00 ,1,17,,
468,json zoneddatetime,0,$0.00 ,1,17,,
469,json zip file to excel converter,0,$0.00 ,1,4,,
470,json zaixian,0,$0.00 ,1,17,,
471,json zephyr,0,$0.00 ,1,17,,
472,json zod,0,$0.00 ,1,17,,
473,json zip compression ratio,0,$0.00 ,1,4,,
474,json zip to excel,0,$0.00 ,1,4,,
475,json parse 0,0,$0.00 ,1,12,,
476,json convert null to 0,0,$0.00 ,1,4,,
477,convert json to valid json,0,$0.00 ,1,4,,
478,convert json node to array,0,$0.00 ,1,4,,
479,convert json array to avro,0,$0.00 ,1,4,,
480,convert json gstr 1 file to excel,0,$0.00 ,1,4,,
481,json parse 104,0,$0.00 ,1,12,,
482,json convert one line to multiline,0,$0.00 ,1,4,,
483,convert one json schema to another,0,$0.00 ,1,4,,
484,convert one json object to another java,0,$0.00 ,1,4,,
485,convert one json to another java,0,$0.00 ,1,4,,
486,convert 2a json to excel,0,$0.00 ,1,4,,
487,parse json 2,0,$0.00 ,1,12,,
488,convert json v2 to v3,0,$0.00 ,1,4,,
489,convert json to 2d array javascript,0,$0.00 ,1,4,,
490,convert json to 2d array,0,$0.00 ,1,4,,
491,convert json to 2d array python,0,$0.00 ,1,4,,
492,convert json to 2d array java,0,$0.00 ,1,4,,
493,json parse 2d array,0,$0.00 ,1,4,,
494,json parse 22,0,$0.00 ,1,12,,
495,convert gstr 2b json to excel,0,$0.00 ,1,4,,
496,convert json to excel 2013,0,$0.00 ,1,4,,
497,convert json to swagger 2.0,0,$0.00 ,1,4,,
498,convert json to excel 2007,0,$0.00 ,1,4,,
499,convert json to 3ds,0,$0.00 ,1,4,,
500,convert openapi 3 json to yaml,0,$0.00 ,1,4,,
501,convert json to excel 365,0,$0.00 ,1,4,,
502,convert openapi 3.0 json to yaml,0,$0.00 ,1,4,,
503,convert json schema to openapi 3.0,0,$0.00 ,1,4,,
504,convert json to excel office 365,0,$0.00 ,1,4,,
505,convert json to string mule 4,0,$0.00 ,1,4,,
506,convert json to xml mule 4,0,$0.00 ,1,4,,
507,convert json to csv mule 4,0,$0.00 ,1,4,,
508,convert glock 48 to 43x,0,$0.00 ,1,4,,
509,convert json to string dataweave,0,$0.00 ,1,4,,
510,convert json to double quotes,0,$0.00 ,1,4,,
511,convert json to hashtable powershell 5.1,0,$0.00 ,1,4,,
512,json convert .net 6,0,$0.00 ,1,4,,
513,convert json into base 64,0,$0.00 ,1,4,,
514,convert json to base64 string,0,$0.00 ,1,4,,
515,convert json to pascal case,0,$0.00 ,1,4,,
516,convert json to utf 8 javascript,0,$0.00 ,1,4,,
517,convert json to csv utf 8,0,$0.00 ,1,4,,
518,convert json to object java 8,0,$0.00 ,1,4,,
519,convert json to csv java 8,0,$0.00 ,1,4,,
520,convert json to xml java 8,0,$0.00 ,1,4,,
521,convert json to string java 8,0,$0.00 ,1,4,,
522,convert json to map java 8,0,$0.00 ,1,4,,
523,convert json array to list of string java,0,$0.00 ,1,4,,
524,convert json array to dataframe python,0,$0.00 ,1,4,,
525,convert json bytes to string python,0,$0.00 ,1,4,,
526,convert json boolean to python boolean,0,$0.00 ,1,4,,
527,convert json bytes to dictionary python,0,$0.00 ,1,4,,
528,convert json beautify,0,$0.00 ,1,12,,
529,convert json body to query string,0,$0.00 ,1,4,,
530,convert json body to string java,0,$0.00 ,1,4,,
531,convert json back to dataframe,0,$0.00 ,1,4,,
532,convert json base64,0,$0.00 ,1,12,,
533,convert json bytes to string golang,0,$0.00 ,1,4,,
534,convert json body to xml,0,$0.00 ,1,4,,
535,convert json back to object,0,$0.00 ,1,4,,
536,convert json column to multiple columns pandas,0,$0.00 ,1,4,,
537,convert json column to multiple columns excel,0,$0.00 ,1,4,,
538,convert json column to multiple columns pyspark,0,$0.00 ,1,4,,
539,convert json camel case to snake case,0,$0.00 ,1,4,,
540,convert json cloudformation to yaml,0,$0.00 ,1,4,,
541,convert json code to html,0,$0.00 ,1,4,,
542,convert json column to multiple columns sql server,0,$0.00 ,1,4,,
543,convert json code to excel,0,$0.00 ,1,4,,
544,convert json code to javascript,0,$0.00 ,1,4,,
545,convert json code,0,$0.00 ,1,12,,
546,convert json dict to python dict,0,$0.00 ,1,4,,
547,convert json element to string,0,$0.00 ,1,4,,
548,convert json error file to excel,0,$0.00 ,1,4,,
549,convert json encoded data to array javascript,0,$0.00 ,1,4,,
550,convert json example to raml data type,0,$0.00 ,1,4,,
551,convert json en csv,0,$0.00 ,1,4,,
552,convert json element to string java,0,$0.00 ,1,4,,
553,convert json excel python,0,$0.00 ,1,4,,
554,convert json em xml,0,$0.00 ,1,4,,
555,convert json file to table,0,$0.00 ,1,4,,
556,convert json gstr1 to excel,0,$0.00 ,1,4,,
557,convert json geojson,0,$0.00 ,1,12,,
558,convert json golang,0,$0.00 ,1,12,,
559,convert grafana json to jsonnet,0,$0.00 ,1,4,,
560,json convert gif,0,$0.00 ,1,12,,
561,convert gson json object to string,0,$0.00 ,1,4,,
562,parse json godot,0,$0.00 ,1,12,,
563,convert json html to html,0,$0.00 ,1,4,,
564,convert json java online,0,$0.00 ,1,4,,
565,convert json javascript object,0,$0.00 ,1,4,,
566,convert java json object to string,0,$0.00 ,1,4,,
567,parse json js from file,0,$0.00 ,1,4,,
568,parse json jenkins,0,$0.00 ,1,12,,
569,parse json javascript array,0,$0.00 ,1,4,,
570,convert json keys to lowercase python,0,$0.00 ,1,4,,
571,convert json keys to camelcase online,0,$0.00 ,1,4,,
572,convert json key value to map in java,0,$0.00 ,1,4,,
573,convert json keys to camelcase python,0,$0.00 ,1,4,,
574,convert json keys to snake case,0,$0.00 ,1,4,,
575,convert json keys to array,0,$0.00 ,1,4,,
576,convert json keys to lowercase java,0,$0.00 ,1,4,,
577,convert json key value to array javascript,0,$0.00 ,1,4,,
578,convert json keys to camelcase javascript,0,$0.00 ,1,4,,
579,convert json keys to uppercase java,0,$0.00 ,1,4,,
580,convert json list to string python,0,$0.00 ,1,4,,
581,convert json list to python list,0,$0.00 ,1,4,,
582,convert json list to excel table,0,$0.00 ,1,4,,
583,convert json list to csv python,0,$0.00 ,1,4,,
584,convert json lines to csv python,0,$0.00 ,1,4,,
585,convert json list to list,0,$0.00 ,1,4,,
586,convert json loads to string,0,$0.00 ,1,4,,
587,convert json list to table power bi,0,$0.00 ,1,4,,
588,convert json message to json schema,0,$0.00 ,1,4,,
589,convert json map to list flutter,0,$0.00 ,1,4,,
590,convert json map to string,0,$0.00 ,1,4,,
591,convert json message to string,0,$0.00 ,1,4,,
592,convert json mysql,0,$0.00 ,1,12,,
593,convert json map to map flutter,0,$0.00 ,1,4,,
594,convert json milliseconds to date,0,$0.00 ,1,4,,
595,convert json message to avro,0,$0.00 ,1,4,,
596,convert json map to javascript map,0,$0.00 ,1,4,,
597,convert json map to list,0,$0.00 ,1,4,,
598,convert jsonnode to map java,0,$0.00 ,1,4,,
599,convert json node to java object,0,$0.00 ,1,4,,
600,convert json number to date,0,$0.00 ,1,4,,
601,convert json null to python none,0,$0.00 ,1,4,,
602,convert json node to json object,0,$0.00 ,1,4,,
603,convert json node to list,0,$0.00 ,1,4,,
604,convert json number to string,0,$0.00 ,1,4,,
605,convert json policy to terraform,0,$0.00 ,1,4,,
606,convert json payload to csv,0,$0.00 ,1,4,,
607,convert json payload to schema,0,$0.00 ,1,4,,
608,convert json payload to java object,0,$0.00 ,1,4,,
609,convert json payload to string dataweave,0,$0.00 ,1,4,,
610,convert json parse to object,0,$0.00 ,1,4,,
611,convert json parse to object online,0,$0.00 ,1,4,,
612,convert json path to string,0,$0.00 ,1,4,,
613,convert json payload to xml,0,$0.00 ,1,4,,
614,convert json payload to excel,0,$0.00 ,1,4,,
615,convert json pipeline to yaml,0,$0.00 ,1,4,,
616,convert json query to sql query,0,$0.00 ,1,4,,
617,convert json query,0,$0.00 ,1,12,,
618,parse json quicksight,0,$0.00 ,1,12,,
619,parse json query string,0,$0.00 ,1,4,,
620,parse json qt example,0,$0.00 ,1,4,,
621,parse json query,0,$0.00 ,1,12,,
622,parse json quarkus,0,$0.00 ,1,12,,
623,parse json qlik,0,$0.00 ,1,12,,
624,convert json response to string java,0,$0.00 ,1,4,,
625,convert json response to typescript interface,0,$0.00 ,1,4,,
626,convert json response to schema,0,$0.00 ,1,4,,
627,convert json report to html,0,$0.00 ,1,4,,
628,convert json string to json java,0,$0.00 ,1,4,,
629,convert json url to csv,0,$0.00 ,1,4,,
630,convert json utc date to localdate,0,$0.00 ,1,4,,
631,convert json url,0,$0.00 ,1,12,,
632,convert json using excel,0,$0.00 ,1,4,,
633,convert unquoted json to quotes,0,$0.00 ,1,4,,
634,json convert uipath,0,$0.00 ,1,12,,
635,convert json value to datetime,0,$0.00 ,1,4,,
636,convert json viewer,0,$0.00 ,1,12,,
637,convert json values to array,0,$0.00 ,1,4,,
638,convert json video to mp4,0,$0.00 ,1,4,,
639,convert json value to integer postgresql,0,$0.00 ,1,4,,
640,convert json value to string python,0,$0.00 ,1,4,,
641,convert json variable to dataframe python,0,$0.00 ,1,4,,
642,convert json var to string arduino,0,$0.00 ,1,4,,
643,convert json value to boolean,0,$0.00 ,1,4,,
644,convert json with escape characters,0,$0.00 ,1,4,,
645,convert json web key to pem,0,$0.00 ,1,4,,
646,convert json without quotes to json,0,$0.00 ,1,4,,
647,convert json with nested array to csv python,0,$0.00 ,1,4,,
648,convert json with nested arrays to csv powershell,0,$0.00 ,1,4,,
649,convert json web key to rsasecuritykey,0,$0.00 ,1,4,,
650,convert json with list to excel,0,$0.00 ,1,4,,
651,convert json with gson,0,$0.00 ,1,4,,
652,convert json with php,0,$0.00 ,1,4,,
653,json convert with object,0,$0.00 ,1,4,,
654,json convert with array,0,$0.00 ,1,4,,
655,convert json xlsx,0,$0.00 ,1,12,,
656,convert json xml online,0,$0.00 ,1,4,,
657,convert json xml python,0,$0.00 ,1,4,,
658,convert xml json javascript,0,$0.00 ,1,4,,
659,json convert xml attributes,0,$0.00 ,1,4,,
660,parse json xpath,0,$0.00 ,1,12,,
661,parse json xmlhttprequest,0,$0.00 ,1,12,,
662,parse json xslt,0,$0.00 ,1,12,,
663,transform json xslt,0,$0.00 ,1,12,,
664,convert json yaml python,0,$0.00 ,1,4,,
665,parse json yaml,0,$0.00 ,1,12,,
666,convert json to yaml intellij,0,$0.00 ,1,4,,
667,convert json zip to excel,0,$0.00 ,1,4,,
668,convert zeppelin json to ipynb,0,$0.00 ,1,4,,
669,parse json zsh,0,$0.00 ,1,12,,
670,parse json zod,0,$0.00 ,1,12,,
671,json converter zip,0,$0.00 ,1,12,,
672,convert json to zod schema,0,$0.00 ,1,4,,
673,convert json to zod,0,$0.00 ,1,4,,
674,convert json to zpl,0,$0.00 ,1,4,,
675,convert json to zone file,0,$0.00 ,1,4,,
676,json transform zuora,0,$0.00 ,1,12,,
